"cell_id","regime","regime_label","tau0","n","rep","seed","status","error_message","loglik_iid","loglik_matern_original","loglik_matern_refined","delta_original","delta_refined","selection_original","selection_refined","fitted_range_original","fitted_range_refined","range_ratio_refined","flip_to_iid"
"fixed_domain__tau0_0.2__n_40","fixed_domain","fixed-domain",0.2,40,28,20360441,"ok",NA,-8.99653474236441,-8.64545902252452,-8.64545902252452,0.351075719839887,0.351075719839887,"matern","matern",0.000483703222683533,0.000483703222683533,1,FALSE
"fixed_domain__tau0_0.2__n_40","fixed_domain","fixed-domain",0.2,40,3,20360416,"ok",NA,-9.24983950287787,-9.1495183666529,-9.1495183666529,0.100321136224974,0.100321136224974,"matern","matern",0.0401084158438917,0.0401084158438917,1,FALSE
"fixed_domain__tau0_0.2__n_40","fixed_domain","fixed-domain",0.2,40,37,20360450,"ok",NA,-6.00817977608325,-5.55240483448614,-5.55240483448614,0.455774941597106,0.455774941597106,"matern","matern",0.00235851643649067,0.00235851643649067,1,FALSE
"fixed_domain__tau0_0.2__n_40","fixed_domain","fixed-domain",0.2,40,17,20360430,"ok",NA,-5.5475389397355,-5.02437257716572,-5.02437257716572,0.523166362569771,0.523166362569771,"matern","matern",0.000232535867121985,0.000232535867121985,1,FALSE
"fixed_domain__tau0_0.2__n_40","fixed_domain","fixed-domain",0.2,40,33,20360446,"ok",NA,-6.53204669448642,-5.66733426138873,-5.66733426138873,0.86471243309769,0.86471243309769,"matern","matern",0.0229412326877533,0.0229412326877533,1,FALSE
"fixed_domain__tau0_0.2__n_40","fixed_domain","fixed-domain",0.2,40,24,20360437,"ok",NA,-14.9885644494546,-14.5340321188932,-14.5340321188932,0.454532330561463,0.454532330561463,"matern","matern",0.000347798464975917,0.000347798464975917,1,FALSE
"fixed_domain__tau0_0.2__n_40","fixed_domain","fixed-domain",0.2,40,52,20360465,"ok",NA,-1.68645921078606,-1.63802289345537,-1.63802289345537,0.0484363173306885,0.0484363173306885,"matern","matern",0.0274208671455059,0.0274208671455059,1,FALSE
"fixed_domain__tau0_0.2__n_40","fixed_domain","fixed-domain",0.2,40,20,20360433,"ok",NA,-1.43031421034149,-1.30388908773392,-1.30388908773392,0.126425122607568,0.126425122607568,"matern","matern",0.018605256469382,0.018605256469382,1,FALSE
"fixed_domain__tau0_0.2__n_40","fixed_domain","fixed-domain",0.2,40,41,20360454,"ok",NA,-13.3130164583358,-12.8996442288725,-12.8996442288725,0.413372229463235,0.413372229463235,"matern","matern",0.0366434445047974,0.0366434445047974,1,FALSE
"fixed_domain__tau0_0.2__n_40","fixed_domain","fixed-domain",0.2,40,36,20360449,"ok",NA,-12.1434731832897,-11.9215214040595,-11.9215214040595,0.22195177923021,0.22195177923021,"matern","matern",0.0319637562056379,0.0319637562056379,1,FALSE
"fixed_domain__tau0_0.5__n_40","fixed_domain","fixed-domain",0.5,40,7,20460420,"ok",NA,-31.7382093214469,-31.7104985470766,-31.7104985470766,0.0277107743702487,0.0277107743702487,"matern","matern",0.00105018131501243,0.00105018131501243,1,FALSE
"fixed_domain__tau0_0.5__n_40","fixed_domain","fixed-domain",0.5,40,8,20460421,"ok",NA,-31.3231092813112,-31.0612756214772,-31.0612756214772,0.261833659834025,0.261833659834025,"matern","matern",0.0193775377928897,0.0193775377928897,1,FALSE
"fixed_domain__tau0_0.5__n_40","fixed_domain","fixed-domain",0.5,40,11,20460424,"ok",NA,-31.3875403862801,-30.1571468960372,-30.1571468960372,1.23039349024296,1.23039349024296,"matern","matern",0.00142454938900718,0.00142454938900718,1,FALSE
"fixed_domain__tau0_0.5__n_40","fixed_domain","fixed-domain",0.5,40,14,20460427,"ok",NA,-26.139379746109,-24.1650673044324,-24.1650673044324,1.97431244167652,1.97431244167652,"matern","matern",0.0152778240015625,0.0152778240015625,1,FALSE
"fixed_domain__tau0_0.5__n_40","fixed_domain","fixed-domain",0.5,40,15,20460428,"ok",NA,-27.4764081037406,-27.3629260990111,-27.3629260990111,0.113482004729541,0.113482004729541,"matern","matern",0.000677568303098555,0.000677568303098555,1,FALSE
"fixed_domain__tau0_0.5__n_40","fixed_domain","fixed-domain",0.5,40,20,20460433,"ok",NA,-31.0374881083157,-30.5913382919859,-30.5913382919859,0.446149816329836,0.446149816329836,"matern","matern",0.030869538083137,0.030869538083137,1,FALSE
"fixed_domain__tau0_0.2__n_80","fixed_domain","fixed-domain",0.2,80,45,20560458,"ok",NA,-9.68625673273192,-9.31357244123117,-9.31357244123117,0.372684291500754,0.372684291500754,"matern","matern",0.00135627876448782,0.00135627876448782,1,FALSE
"fixed_domain__tau0_0.2__n_80","fixed_domain","fixed-domain",0.2,80,10,20560423,"ok",NA,-14.6799615345571,-14.395652404684,-14.395652404684,0.284309129873044,0.284309129873044,"matern","matern",0.000200542846779617,0.000200542846779617,1,FALSE
"fixed_domain__tau0_0.2__n_80","fixed_domain","fixed-domain",0.2,80,42,20560455,"ok",NA,2.59214958410729,3.05145056742379,3.05145056742379,0.459300983316504,0.459300983316504,"matern","matern",0.0251738825625185,0.0251738825625185,1,FALSE
"fixed_domain__tau0_0.2__n_80","fixed_domain","fixed-domain",0.2,80,53,20560466,"ok",NA,-7.2540715749206,-6.25566023294312,-6.25566023294312,0.99841134197748,0.99841134197748,"matern","matern",0.0242720959888371,0.0242720959888371,1,FALSE
"fixed_domain__tau0_0.2__n_80","fixed_domain","fixed-domain",0.2,80,60,20560473,"ok",NA,-6.84531146542679,-5.36517015168353,-5.36517015168353,1.48014131374326,1.48014131374326,"matern","matern",0.0260239278086848,0.0260239278086848,1,FALSE
"fixed_domain__tau0_0.2__n_80","fixed_domain","fixed-domain",0.2,80,55,20560468,"ok",NA,-8.84284990383328,-8.66702023217471,-8.66702023217471,0.175829671658569,0.175829671658569,"matern","matern",0.00511860457222934,0.00511860457222934,1,FALSE
"fixed_domain__tau0_0.2__n_80","fixed_domain","fixed-domain",0.2,80,27,20560440,"ok",NA,-9.90655706990268,-9.59455780992784,-9.59455780992784,0.311999259974833,0.311999259974833,"matern","matern",0.0163654066220618,0.0163654066220618,1,FALSE
"fixed_domain__tau0_0.2__n_80","fixed_domain","fixed-domain",0.2,80,21,20560434,"ok",NA,-5.83256371716159,-5.49651169632762,-5.49651169632762,0.336052020833975,0.336052020833975,"matern","matern",0.0182299440055759,0.0182299440055759,1,FALSE
"fixed_domain__tau0_0.2__n_80","fixed_domain","fixed-domain",0.2,80,44,20560457,"ok",NA,-19.9434217103536,-19.6189240723714,-19.6189240723714,0.324497637982184,0.324497637982184,"matern","matern",0.000232335034143555,0.000232335034143555,1,FALSE
"fixed_domain__tau0_0.2__n_80","fixed_domain","fixed-domain",0.2,80,11,20560424,"ok",NA,-9.507052594472,-8.76053629257218,-8.76053629257218,0.746516301899824,0.746516301899824,"matern","matern",0.000299077810373046,0.000299077810373046,1,FALSE
"fixed_domain__tau0_0.5__n_80","fixed_domain","fixed-domain",0.5,80,27,20660440,"ok",NA,-61.7034218530603,-61.584505426053,-61.584505426053,0.118916427007321,0.118916427007321,"matern","matern",0.000677408234170595,0.000677408234170595,1,FALSE
"fixed_domain__tau0_0.5__n_80","fixed_domain","fixed-domain",0.5,80,50,20660463,"ok",NA,-58.8274463948244,-58.3751452914852,-58.3751452914852,0.452301103339238,0.452301103339238,"matern","matern",0.00427029744639983,0.00427029744639983,1,FALSE
"fixed_domain__tau0_0.5__n_80","fixed_domain","fixed-domain",0.5,80,5,20660418,"ok",NA,-73.1444812285527,-72.4351211722206,-72.4351211722206,0.709360056332088,0.709360056332088,"matern","matern",0.0143389361691697,0.0143389361691697,1,FALSE
"fixed_domain__tau0_0.5__n_80","fixed_domain","fixed-domain",0.5,80,11,20660424,"ok",NA,-61.9369865595701,-61.1861757225621,-61.1861757225621,0.750810837007975,0.750810837007975,"matern","matern",0.0115851321192518,0.0115851321192518,1,FALSE
"fixed_domain__tau0_0.5__n_80","fixed_domain","fixed-domain",0.5,80,44,20660457,"ok",NA,-62.4519126123573,-62.0727606235829,-62.0727606235829,0.379151988774424,0.379151988774424,"matern","matern",0.000162360841848519,0.000162360841848519,1,FALSE
"fixed_domain__tau0_0.5__n_80","fixed_domain","fixed-domain",0.5,80,32,20660445,"ok",NA,-76.4399326652066,-76.4356200877902,-76.4356200877902,0.00431257741644231,0.00431257741644231,"matern","matern",0.00174551651514097,0.00174551651514097,1,FALSE
"fixed_domain__tau0_0.5__n_80","fixed_domain","fixed-domain",0.5,80,18,20660431,"ok",NA,-68.9727667204539,-67.7569592389352,-67.7569592389352,1.21580748151865,1.21580748151865,"matern","matern",0.00846115849765603,0.00846115849765603,1,FALSE
"fixed_domain__tau0_0.5__n_80","fixed_domain","fixed-domain",0.5,80,13,20660426,"ok",NA,-61.3576466485595,-59.880873277459,-59.880873277459,1.47677337110048,1.47677337110048,"matern","matern",0.0129394593759833,0.0129394593759833,1,FALSE
"fixed_domain__tau0_0.5__n_80","fixed_domain","fixed-domain",0.5,80,47,20660460,"ok",NA,-67.5534533120322,-66.5667589383225,-66.5667589383225,0.986694373709724,0.986694373709724,"matern","matern",0.0149092537157682,0.0149092537157682,1,FALSE
"fixed_domain__tau0_0.5__n_80","fixed_domain","fixed-domain",0.5,80,53,20660466,"ok",NA,-61.9291386816498,-61.8265357585434,-61.8265357585434,0.10260292310636,0.10260292310636,"matern","matern",0.000183943137911349,0.000183943137911349,1,FALSE
"fixed_domain__tau0_0.2__n_160","fixed_domain","fixed-domain",0.2,160,4,20760417,"ok",NA,-33.5953372818893,-33.4753830435183,-33.4753830435183,0.119954238370994,0.119954238370994,"matern","matern",0.00332064526085109,0.00332064526085109,1,FALSE
"fixed_domain__tau0_0.2__n_160","fixed_domain","fixed-domain",0.2,160,7,20760420,"ok",NA,-30.1450575950656,-30.0595043779897,-30.0595043779897,0.0855532170759261,0.0855532170759261,"matern","matern",2.10984697150994e-06,2.10984697150994e-06,1,FALSE
"fixed_domain__tau0_0.2__n_160","fixed_domain","fixed-domain",0.2,160,16,20760429,"ok",NA,-3.4675433861463,-3.16104448323883,-3.16104448323883,0.306498902907478,0.306498902907478,"matern","matern",0.00538711205617757,0.00538711205617757,1,FALSE
"fixed_domain__tau0_0.2__n_160","fixed_domain","fixed-domain",0.2,160,18,20760431,"ok",NA,-26.5973597900857,-26.4119830912601,-26.4119830912601,0.185376698825607,0.185376698825607,"matern","matern",0.000159050235008523,0.000159050235008523,1,FALSE
"fixed_domain__tau0_0.5__n_160","fixed_domain","fixed-domain",0.5,160,9,20860422,"ok",NA,-123.009895053027,-122.817468053899,-122.817468053899,0.192426999128315,0.192426999128315,"matern","matern",1.15811408534946e-09,1.15811408534946e-09,1,FALSE
"fixed_domain__tau0_0.5__n_160","fixed_domain","fixed-domain",0.5,160,48,20860461,"ok",NA,-123.809733690246,-123.598095386196,-123.598095386196,0.211638304049814,0.211638304049814,"matern","matern",0.000125725788476512,0.000125725788476512,1,FALSE
"fixed_domain__tau0_0.5__n_160","fixed_domain","fixed-domain",0.5,160,45,20860458,"ok",NA,-138.557648841103,-137.776393526154,-137.776393526154,0.781255314948623,0.781255314948623,"matern","matern",0.00646233741780467,0.00646233741780467,1,FALSE
"fixed_domain__tau0_0.5__n_160","fixed_domain","fixed-domain",0.5,160,39,20860452,"ok",NA,-118.359149533786,-115.753908427773,-115.753908427773,2.6052411060133,2.6052411060133,"matern","matern",0.00593120843741493,0.00593120843741493,1,FALSE
"fixed_domain__tau0_0.5__n_160","fixed_domain","fixed-domain",0.5,160,3,20860416,"ok",NA,-122.119453279357,-121.814182670827,-121.814182670827,0.305270608529383,0.305270608529383,"matern","matern",0.000647390669141406,0.000647390669141406,1,FALSE
"fixed_domain__tau0_0.5__n_160","fixed_domain","fixed-domain",0.5,160,5,20860418,"ok",NA,-144.004603687381,-143.35710244881,-143.35710244881,0.647501238571124,0.647501238571124,"matern","matern",5.35456976250874e-05,5.35456976250874e-05,1,FALSE
"fixed_domain__tau0_0.5__n_160","fixed_domain","fixed-domain",0.5,160,17,20860430,"ok",NA,-116.085616760872,-115.787485124121,-115.787485124121,0.298131636750952,0.298131636750952,"matern","matern",8.09433546137988e-27,8.09433546137988e-27,1,FALSE
"fixed_domain__tau0_0.5__n_160","fixed_domain","fixed-domain",0.5,160,10,20860423,"ok",NA,-121.733314858093,-121.63014019133,-121.63014019133,0.10317466676338,0.10317466676338,"matern","matern",0.000187762347841464,0.000187762347841464,1,FALSE
"fixed_domain__tau0_0.5__n_160","fixed_domain","fixed-domain",0.5,160,25,20860438,"ok",NA,-118.244423368217,-117.895541796426,-117.895541796426,0.348881571790741,0.348881571790741,"matern","matern",0.000123006441872717,0.000123006441872717,1,FALSE
"fixed_domain__tau0_0.5__n_160","fixed_domain","fixed-domain",0.5,160,53,20860466,"ok",NA,-135.159443985064,-133.300297178382,-133.300297178382,1.85914680668276,1.85914680668276,"matern","matern",0.00729113396126472,0.00729113396126472,1,FALSE
"fixed_domain__tau0_0.2__n_320","fixed_domain","fixed-domain",0.2,320,2,20960415,"ok",NA,-56.1101886387581,-55.8303884413446,-55.8303884413446,0.279800197413522,0.279800197413522,"matern","matern",0.00119148564462247,0.00119148564462247,1,FALSE
"fixed_domain__tau0_0.2__n_320","fixed_domain","fixed-domain",0.2,320,5,20960418,"ok",NA,-44.2485550155629,-43.64390324712,-43.64390324712,0.604651768442864,0.604651768442864,"matern","matern",0.00181334379231916,0.00181334379231916,1,FALSE
"fixed_domain__tau0_0.5__n_320","fixed_domain","fixed-domain",0.5,320,4,21060417,"ok",NA,-250.869507433257,-249.46618126642,-249.46618126642,1.4033261668369,1.4033261668369,"matern","matern",0.00274631491085621,0.00274631491085621,1,FALSE
"fixed_domain__tau0_0.5__n_320","fixed_domain","fixed-domain",0.5,320,8,21060421,"ok",NA,-247.594382898483,-247.323336193933,-247.323336193933,0.271046704550599,0.271046704550599,"matern","matern",4.72188941088858e-12,4.72188941088858e-12,1,FALSE
"fixed_domain__tau0_0.5__n_320","fixed_domain","fixed-domain",0.5,320,10,21060423,"ok",NA,-253.671077088329,-253.434056287004,-253.434056287004,0.237020801325684,0.237020801325684,"matern","matern",1.63274353818168e-05,1.63274353818168e-05,1,FALSE
"increasing_domain__tau0_0.2__n_80","increasing_domain","increasing-domain",0.2,80,39,21160452,"ok",NA,-12.572627492721,-12.5020304947121,-12.5020304947121,0.0705969980089023,0.0705969980089023,"matern","matern",7.25574396400901e-05,7.25574396400901e-05,1,FALSE
"increasing_domain__tau0_0.2__n_80","increasing_domain","increasing-domain",0.2,80,16,21160429,"ok",NA,-13.415229249515,-13.3908992568814,-13.3908992568814,0.0243299926335752,0.0243299926335752,"matern","matern",0.0127412876058063,0.0127412876058063,1,FALSE
"increasing_domain__tau0_0.2__n_80","increasing_domain","increasing-domain",0.2,80,52,21160465,"ok",NA,-12.1026055061425,-11.4334545525208,-11.4334545525208,0.669150953621646,0.669150953621646,"matern","matern",0.0143499830512501,0.0143499830512501,1,FALSE
"increasing_domain__tau0_0.2__n_80","increasing_domain","increasing-domain",0.2,80,41,21160454,"ok",NA,-2.63267599607292,-2.40203267484672,-2.40203267484672,0.230643321226196,0.230643321226196,"matern","matern",0.000339530367368672,0.000339530367368672,1,FALSE
"increasing_domain__tau0_0.2__n_80","increasing_domain","increasing-domain",0.2,80,28,21160441,"ok",NA,-18.1170910173537,-17.9236763884879,-17.9236763884879,0.193414628865789,0.193414628865789,"matern","matern",0.000227255081052811,0.000227255081052811,1,FALSE
"increasing_domain__tau0_0.2__n_80","increasing_domain","increasing-domain",0.2,80,50,21160463,"ok",NA,-11.976167022851,-11.750505691725,-11.750505691725,0.225661331125998,0.225661331125998,"matern","matern",0.0159980671509853,0.0159980671509853,1,FALSE
"increasing_domain__tau0_0.2__n_80","increasing_domain","increasing-domain",0.2,80,6,21160419,"ok",NA,-3.29048976500891,-3.2479827415047,-3.2479827415047,0.0425070235042107,0.0425070235042107,"matern","matern",0.0140060534063106,0.0140060534063106,1,FALSE
"increasing_domain__tau0_0.2__n_80","increasing_domain","increasing-domain",0.2,80,9,21160422,"ok",NA,-15.2695299455879,-15.2028698943149,-15.2028698943149,0.0666600512730753,0.0666600512730753,"matern","matern",0.0146573263212479,0.0146573263212479,1,FALSE
"increasing_domain__tau0_0.2__n_80","increasing_domain","increasing-domain",0.2,80,36,21160449,"ok",NA,-14.0830038339774,-13.7241036804362,-13.7241036804362,0.358900153541207,0.358900153541207,"matern","matern",0.0168301655677435,0.0168301655677435,1,FALSE
"increasing_domain__tau0_0.2__n_80","increasing_domain","increasing-domain",0.2,80,7,21160420,"ok",NA,-20.0158845135806,-19.6854688212281,-19.6854688212281,0.33041569235246,0.33041569235246,"matern","matern",0.0143699708638233,0.0143699708638233,1,FALSE
"increasing_domain__tau0_0.5__n_80","increasing_domain","increasing-domain",0.5,80,17,21260430,"ok",NA,-62.6015481289448,-61.9428881193155,-61.9428881193155,0.658660009629301,0.658660009629301,"matern","matern",0.00100832039441091,0.00100832039441091,1,FALSE
"increasing_domain__tau0_0.5__n_80","increasing_domain","increasing-domain",0.5,80,8,21260421,"ok",NA,-60.1946735383425,-59.7220924674946,-59.7220924674946,0.472581070847866,0.472581070847866,"matern","matern",0.000354683513716935,0.000354683513716935,1,FALSE
"increasing_domain__tau0_0.5__n_80","increasing_domain","increasing-domain",0.5,80,7,21260420,"ok",NA,-66.9505298088443,-66.1446257929524,-66.1446257929524,0.80590401589194,0.80590401589194,"matern","matern",0.000306160829724162,0.000306160829724162,1,FALSE
"increasing_domain__tau0_0.5__n_80","increasing_domain","increasing-domain",0.5,80,3,21260416,"ok",NA,-56.8522983234049,-55.4449133622097,-55.4449133622097,1.40738496119525,1.40738496119525,"matern","matern",0.0181322163454815,0.0181322163454815,1,FALSE
"increasing_domain__tau0_0.5__n_80","increasing_domain","increasing-domain",0.5,80,4,21260417,"ok",NA,-60.1581140234616,-60.0511730055772,-60.0511730055772,0.106941017884367,0.106941017884367,"matern","matern",0.00021278454676729,0.00021278454676729,1,FALSE
"increasing_domain__tau0_0.5__n_80","increasing_domain","increasing-domain",0.5,80,16,21260429,"ok",NA,-59.3132671898231,-58.4098059252207,-58.4098059252207,0.903461264602385,0.903461264602385,"matern","matern",0.000570190002912069,0.000570190002912069,1,FALSE
"increasing_domain__tau0_0.5__n_80","increasing_domain","increasing-domain",0.5,80,19,21260432,"ok",NA,-78.6296900137041,-78.5739947813099,-78.5739947813099,0.0556952323942141,0.0556952323942141,"matern","matern",4.32319956965441e-05,4.32319956965441e-05,1,FALSE
"increasing_domain__tau0_0.5__n_80","increasing_domain","increasing-domain",0.5,80,26,21260439,"ok",NA,-61.4942220169496,-60.8141259166514,-60.8141259166514,0.68009610029813,0.68009610029813,"matern","matern",0.000603677612089776,0.000603677612089776,1,FALSE
"increasing_domain__tau0_0.5__n_80","increasing_domain","increasing-domain",0.5,80,47,21260460,"ok",NA,-52.5002487668125,-50.9207270165392,-50.9207270165392,1.5795217502733,1.5795217502733,"matern","matern",0.00554481355645664,0.00554481355645664,1,FALSE
"increasing_domain__tau0_0.5__n_80","increasing_domain","increasing-domain",0.5,80,33,21260446,"ok",NA,-54.3190789476143,-53.2528536458206,-53.2528536458206,1.06622530179374,1.06622530179374,"matern","matern",0.00649463116228934,0.00649463116228934,1,FALSE
"increasing_domain__tau0_0.2__n_160","increasing_domain","increasing-domain",0.2,160,3,21360416,"ok",NA,-31.6984537005991,-31.2537357064052,-31.2537357064052,0.444717994193937,0.444717994193937,"matern","matern",2.525828074904e-05,2.525828074904e-05,1,FALSE
"increasing_domain__tau0_0.2__n_160","increasing_domain","increasing-domain",0.2,160,7,21360420,"ok",NA,-22.7385428701385,-22.7356129202671,-22.7356129202671,0.00292994987145789,0.00292994987145789,"matern","matern",0.00955125370470688,0.00955125370470688,1,FALSE
"increasing_domain__tau0_0.2__n_160","increasing_domain","increasing-domain",0.2,160,8,21360421,"ok",NA,-36.465475769807,-36.2937430406992,-36.2937430406992,0.171732729107816,0.171732729107816,"matern","matern",0.00991276341031681,0.00991276341031681,1,FALSE
"increasing_domain__tau0_0.2__n_160","increasing_domain","increasing-domain",0.2,160,10,21360423,"ok",NA,-38.2989959986038,-37.97394266583,-37.97394266583,0.325053332773791,0.325053332773791,"matern","matern",0.000783096231316462,0.000783096231316462,1,FALSE
"increasing_domain__tau0_0.2__n_160","increasing_domain","increasing-domain",0.2,160,11,21360424,"ok",NA,-29.7468156494392,-28.0184739788698,-28.0184739788698,1.72834167056946,1.72834167056946,"matern","matern",0.0169916687136283,0.0169916687136283,1,FALSE
"increasing_domain__tau0_0.2__n_160","increasing_domain","increasing-domain",0.2,160,20,21360433,"ok",NA,-20.7176766228662,-20.1559815850938,-20.1559815850938,0.561695037772424,0.561695037772424,"matern","matern",0.0129531057921237,0.0129531057921237,1,FALSE
"increasing_domain__tau0_0.5__n_160","increasing_domain","increasing-domain",0.5,160,47,21460460,"ok",NA,-114.231679737836,-111.497964538602,-111.497964538602,2.73371519923381,2.73371519923381,"matern","matern",0.0142491788537012,0.0142491788537012,1,FALSE
"increasing_domain__tau0_0.5__n_160","increasing_domain","increasing-domain",0.5,160,53,21460466,"ok",NA,-121.849529219956,-121.775923644038,-121.775923644038,0.07360557591727,0.07360557591727,"matern","matern",0.000174490810736826,0.000174490810736826,1,FALSE
"increasing_domain__tau0_0.5__n_160","increasing_domain","increasing-domain",0.5,160,31,21460444,"ok",NA,-126.886659823738,-126.703886399089,-126.703886399089,0.182773424648929,0.182773424648929,"matern","matern",0.000659534412080591,0.000659534412080591,1,FALSE
"increasing_domain__tau0_0.5__n_160","increasing_domain","increasing-domain",0.5,160,26,21460439,"ok",NA,-122.884725048398,-122.364480071291,-122.364480071291,0.520244977107495,0.520244977107495,"matern","matern",8.40564011788316e-49,8.40564011788316e-49,1,FALSE
"increasing_domain__tau0_0.5__n_160","increasing_domain","increasing-domain",0.5,160,4,21460417,"ok",NA,-128.214021464347,-128.062970991633,-128.062970991633,0.151050472714246,0.151050472714246,"matern","matern",0.000202494980529268,0.000202494980529268,1,FALSE
"increasing_domain__tau0_0.5__n_160","increasing_domain","increasing-domain",0.5,160,16,21460429,"ok",NA,-121.589487720449,-121.318540828349,-121.318540828349,0.27094689210071,0.27094689210071,"matern","matern",6.47072405173887e-30,6.47072405173887e-30,1,FALSE
"increasing_domain__tau0_0.5__n_160","increasing_domain","increasing-domain",0.5,160,2,21460415,"ok",NA,-133.415748147733,-133.399949843974,-133.399949843974,0.0157983037591407,0.0157983037591407,"matern","matern",0.000142501507060668,0.000142501507060668,1,FALSE
"increasing_domain__tau0_0.5__n_160","increasing_domain","increasing-domain",0.5,160,33,21460446,"ok",NA,-131.186219077383,-128.815501164658,-128.815501164658,2.37071791272444,2.37071791272444,"matern","matern",0.0157801104440179,0.0157801104440179,1,FALSE
"increasing_domain__tau0_0.5__n_160","increasing_domain","increasing-domain",0.5,160,8,21460421,"ok",NA,-119.896912346408,-119.73701429908,-119.73701429908,0.159898047328113,0.159898047328113,"matern","matern",0.000178996789636918,0.000178996789636918,1,FALSE
"increasing_domain__tau0_0.5__n_160","increasing_domain","increasing-domain",0.5,160,24,21460437,"ok",NA,-132.333164225131,-132.180456197756,-132.180456197756,0.152708027374615,0.152708027374615,"matern","matern",8.92702290843224e-05,8.92702290843224e-05,1,FALSE
"increasing_domain__tau0_0.2__n_320","increasing_domain","increasing-domain",0.2,320,6,21560419,"ok",NA,-59.3727138865328,-58.4457192973646,-58.4457192973646,0.926994589168146,0.926994589168146,"matern","matern",0.000141726941855874,0.000141726941855874,1,FALSE
"increasing_domain__tau0_0.2__n_320","increasing_domain","increasing-domain",0.2,320,14,21560427,"ok",NA,-40.0893144618836,-39.1262566806503,-39.1262566806503,0.96305778123326,0.96305778123326,"matern","matern",0.0138478474499481,0.0138478474499481,1,FALSE
"increasing_domain__tau0_0.5__n_320","increasing_domain","increasing-domain",0.5,320,56,21660469,"ok",NA,-252.963196236137,-252.060539043179,-252.060539043179,0.902657192958031,0.902657192958031,"matern","matern",0.000125957654057058,0.000125957654057058,1,FALSE
"increasing_domain__tau0_0.5__n_320","increasing_domain","increasing-domain",0.5,320,7,21660420,"ok",NA,-257.5907784388,-257.137732808033,-257.137732808033,0.453045630767406,0.453045630767406,"matern","matern",3.22962275447422e-11,3.22962275447422e-11,1,FALSE
"increasing_domain__tau0_0.5__n_320","increasing_domain","increasing-domain",0.5,320,23,21660436,"ok",NA,-251.743963457003,-251.131069406882,-251.131069406882,0.612894050120985,0.612894050120985,"matern","matern",4.03410093948211e-11,4.03410093948211e-11,1,FALSE
"increasing_domain__tau0_0.5__n_320","increasing_domain","increasing-domain",0.5,320,13,21660426,"ok",NA,-243.751684639723,-243.018162678577,-243.018162678577,0.73352196114638,0.73352196114638,"matern","matern",0.0102420483757271,0.0102420483757271,1,FALSE
"increasing_domain__tau0_0.5__n_320","increasing_domain","increasing-domain",0.5,320,26,21660439,"ok",NA,-266.469334897647,-266.425444748525,-266.425444748525,0.0438901491222623,0.0438901491222623,"matern","matern",1.47148626396233e-11,1.47148626396233e-11,1,FALSE
"increasing_domain__tau0_0.5__n_320","increasing_domain","increasing-domain",0.5,320,14,21660427,"ok",NA,-249.689463573368,-249.520963674853,-249.520963674853,0.16849989851562,0.16849989851562,"matern","matern",2.88505921483832e-11,2.88505921483832e-11,1,FALSE
"increasing_domain__tau0_0.5__n_320","increasing_domain","increasing-domain",0.5,320,45,21660458,"ok",NA,-263.64059135908,-260.626067382754,-260.626067382754,3.01452397632556,3.01452397632556,"matern","matern",0.0117934649065465,0.0117934649065465,1,FALSE
"increasing_domain__tau0_0.5__n_320","increasing_domain","increasing-domain",0.5,320,60,21660473,"ok",NA,-260.745852856496,-260.669256306357,-260.669256306357,0.0765965501386745,0.0765965501386745,"matern","matern",8.0358462863414e-05,8.0358462863414e-05,1,FALSE
"increasing_domain__tau0_0.5__n_320","increasing_domain","increasing-domain",0.5,320,22,21660435,"ok",NA,-234.925322087281,-234.685421835148,-234.685421835148,0.239900252132998,0.239900252132998,"matern","matern",1.98571912004419e-29,1.98571912004419e-29,1,FALSE
"increasing_domain__tau0_0.5__n_320","increasing_domain","increasing-domain",0.5,320,10,21660423,"ok",NA,-256.776976520047,-256.320597484884,-256.320597484884,0.456379035162286,0.456379035162286,"matern","matern",5.12548145796927e-05,5.12548145796927e-05,1,FALSE
"increasing_domain__tau0_0.5__n_640","increasing_domain","increasing-domain",0.5,640,15,21860428,"ok",NA,-505.038010006325,-504.621052100973,-504.621052100973,0.41695790535141,0.41695790535141,"matern","matern",0.000269781710322033,0.000269781710322033,1,FALSE
"increasing_domain__tau0_0.5__n_640","increasing_domain","increasing-domain",0.5,640,24,21860437,"ok",NA,-514.934012773653,-513.350296660232,-513.350296660232,1.58371611342045,1.58371611342045,"matern","matern",3.23097144319251e-36,3.23097144319251e-36,1,FALSE
"increasing_domain__tau0_0.5__n_640","increasing_domain","increasing-domain",0.5,640,18,21860431,"ok",NA,-515.881333720894,-513.595899907898,-513.595899907898,2.28543381299596,2.28543381299596,"matern","matern",0.0101804822825787,0.0101804822825787,1,FALSE
"increasing_domain__tau0_0.5__n_640","increasing_domain","increasing-domain",0.5,640,36,21860449,"ok",NA,-518.800051281246,-518.593128822667,-518.593128822667,0.206922458579584,0.206922458579584,"matern","matern",4.70102456158714e-05,4.70102456158714e-05,1,FALSE
"increasing_domain__tau0_0.5__n_640","increasing_domain","increasing-domain",0.5,640,8,21860421,"ok",NA,-496.081771208425,-494.937033061241,-494.937033061241,1.14473814718326,1.14473814718326,"matern","matern",0.00621883231230669,0.00621883231230669,1,FALSE
"increasing_domain__tau0_0.5__n_640","increasing_domain","increasing-domain",0.5,640,48,21860461,"ok",NA,-490.6756681509,-489.860115902791,-489.860115902791,0.815552248108816,0.815552248108816,"matern","matern",0.00833820219840993,0.00833820219840993,1,FALSE
"increasing_domain__tau0_0.5__n_640","increasing_domain","increasing-domain",0.5,640,7,21860420,"ok",NA,-493.121436239993,-492.674241667534,-492.674241667534,0.447194572459011,0.447194572459011,"matern","matern",1.06349161323633e-46,1.06349161323633e-46,1,FALSE
"increasing_domain__tau0_0.5__n_640","increasing_domain","increasing-domain",0.5,640,33,21860446,"ok",NA,-531.777585669995,-531.51158811601,-531.51158811601,0.265997553985017,0.265997553985017,"matern","matern",0.000117775662201866,0.000117775662201866,1,FALSE
"increasing_domain__tau0_0.5__n_640","increasing_domain","increasing-domain",0.5,640,1,21860414,"ok",NA,-518.597243910852,-518.404558075265,-518.404558075265,0.192685835586872,0.192685835586872,"matern","matern",2.10615074419571e-33,2.10615074419571e-33,1,FALSE
"increasing_domain__tau0_0.5__n_640","increasing_domain","increasing-domain",0.5,640,34,21860447,"ok",NA,-527.163256465953,-525.79433770864,-525.79433770864,1.36891875731317,1.36891875731317,"matern","matern",0.0093379527680339,0.0093379527680339,1,FALSE
